{
  "train_loss": [
    0.27564973106342106,
    0.22431330770884875,
    0.20953257850877716,
    0.20421610661780787,
    0.20168262257693895,
    0.20037650583817265,
    0.19855420612483443,
    0.19747251859131126,
    0.19709391699516907,
    0.1964014252580567,
    0.19130525186121564,
    0.1908139269726835,
    0.1904888932192626,
    0.19035177523201402,
    0.1900610362379966,
    0.1900937107863527,
    0.18973363385339764,
    0.18978223279007342,
    0.18960939270250096,
    0.18943090783698285,
    0.1866605143888398,
    0.18652813513081287,
    0.18639612777631082,
    0.1862403802650808,
    0.18621295660892218,
    0.18609232357562971,
    0.18607155976822454,
    0.18595377346699488,
    0.1858312767473362,
    0.18586909889767464,
    0.1843630117637485,
    0.18416668803026648,
    0.1840805665500676,
    0.18408393171337556,
    0.18401012498808267,
    0.1839538973763942,
    0.18394630965298836,
    0.1839194735946865,
    0.1838363507283109,
    0.18380806734377325,
    0.18295897659440497,
    0.18286740986925343,
    0.1828460419475067,
    0.1828316405608826,
    0.18275025556224533,
    0.1827441530652788,
    0.18279158967482886,
    0.18265563390356954,
    0.18264386196984278,
    0.1826475047297368
  ],
  "train_acc": [
    77.05965006985902,
    80.23386891909057,
    82.33579162962022,
    83.0610750349295,
    83.32800790676997,
    83.45075733519624,
    83.7164001968754,
    83.81801330496634,
    83.87368220500444,
    83.93887733392607,
    84.4419812968373,
    84.47591848723485,
    84.5045964054363,
    84.53099199796773,
    84.56274609424615,
    84.57137923917185,
    84.60809491299378,
    84.62069731995427,
    84.62813968626953,
    84.6544360472501,
    84.92484202337101,
    84.94429140734155,
    84.9633438651086,
    84.99142639400483,
    84.99827337101486,
    85.00899037850883,
    85.02645513146196,
    85.01921122824844,
    85.04967531436556,
    85.04133986409246,
    85.19127873745713,
    85.22700209577036,
    85.2272005588721,
    85.23454369363648,
    85.24446684872349,
    85.25667232948051,
    85.259351581354,
    85.25677156103137,
    85.28316715356281,
    85.27800711291756,
    85.3657278038867,
    85.38974183919726,
    85.39470341674075,
    85.39103184935857,
    85.40234424615775,
    85.40035961514036,
    85.4008557728947,
    85.42020592531436,
    85.42774752318049,
    85.42387749269656
  ],
  "val_loss": [
    0.2326842566856765,
    0.2203935918953115,
    0.20433576753256313,
    0.1983282475562043,
    0.19818060975353827,
    0.2104881771517333,
    0.19394828256034616,
    0.19799932653847863,
    0.20160943302236592,
    0.1911790645421668,
    0.1869876694464629,
    0.18919041780022688,
    0.18797447382963728,
    0.18692979306809696,
    0.18848529869635414,
    0.18689525650172317,
    0.1893889141532467,
    0.1865386687087601,
    0.1874629735954226,
    0.18673365533912134,
    0.1848774619251925,
    0.1840847859748922,
    0.18422152686527712,
    0.18428603133592916,
    0.18513405549560094,
    0.18371536850358614,
    0.1836724461741328,
    0.18419662730669667,
    0.1835181980226915,
    0.18610306477622968,
    0.1825970561939986,
    0.18277695606180291,
    0.18257276794216531,
    0.1825481387084497,
    0.18254515044220812,
    0.18249860641467408,
    0.18253038511736322,
    0.18241680409036748,
    0.18304835319534185,
    0.18229096037984296,
    0.18177824998959363,
    0.1819110130714947,
    0.18175485063470578,
    0.18305045053046767,
    0.18161289922388646,
    0.1814646538889735,
    0.18142713044866945,
    0.1815035470068042,
    0.18133056731477037,
    0.18128614335193252
  ],
  "val_acc": [
    79.55949129937763,
    80.06120602057665,
    83.12269782801981,
    83.5029531309539,
    83.77445065413438,
    83.09769147720056,
    84.14557665438842,
    83.46881747745459,
    84.08246538803506,
    84.30355328337356,
    84.80407722596215,
    84.60720182903594,
    84.68063317667979,
    84.7548583767306,
    84.5960878953385,
    84.77827702273594,
    84.58973707608281,
    84.86004382065286,
    84.77748317032898,
    84.9033087768322,
    85.03548520259113,
    85.14702146576909,
    85.13868601549599,
    85.1124888860663,
    85.09303950209576,
    85.21291121554681,
    85.24029912358694,
    85.14741839197256,
    85.22600978026165,
    84.87869935221643,
    85.33040137177696,
    85.34072145306745,
    85.3740632541598,
    85.36056776324146,
    85.37723866378762,
    85.39152800711292,
    85.35739235361362,
    85.3958941953512,
    85.31690588085863,
    85.37962022100851,
    85.47131017401244,
    85.44987615902451,
    85.46972246919853,
    85.39549726914773,
    85.49909500825606,
    85.52529213768577,
    85.53918455480758,
    85.5225136542614,
    85.54474152165629,
    85.53759684999365
  ]
}